team,matches_played,wins,draws,losses,goals_scored,goals_conceded,total_goal_differential,points,dominant_wins,win_rate,draw_rate,loss_rate,avg_goal_diff,goals_scored_per_match,goals_conceded_per_match,points_per_match,dominant_win_rate,consistency_score,n_win_rate,n_avg_goal_diff,n_points_per_match,n_dominant_win_rate,n_consistency,dominance_index
Brazil,1057,670,216,171,2297,954,1343,2226,251,0.6338694418164617,0.2043519394512772,0.16177861873226113,1.2705771050141912,2.173131504257332,0.902554399243141,2.1059602649006623,0.23746452223273415,0.8795318268877091,1.0,1.0,1.0,1.0,0.8795318268877091,100.0
Spain,781,460,181,140,1598,701,897,1561,165,0.58898847631242,0.23175416133162613,0.1792573623559539,1.148527528809219,2.0460947503201026,0.8975672215108835,1.9987195902688861,0.2112676056338028,0.7288149857606777,0.9150774802986484,0.96213480253279,0.9351764465455392,0.8833418001417217,0.7288149857606777,92.6944142224265
England,1088,623,258,207,2377,1041,1336,2127,252,0.5726102941176471,0.23713235294117646,0.19025735294117646,1.2279411764705883,2.1847426470588234,0.9568014705882353,1.9549632352941178,0.23161764705882354,0.5547063214196695,0.8840871376336119,0.9867724419559631,0.9087271312515192,0.9739631215754493,0.5547063214196695,91.44851444739066
Germany,1029,597,213,219,2314,1197,1117,2004,216,0.5801749271137027,0.20699708454810495,0.21282798833819241,1.0855199222546161,2.248785228377065,1.163265306122449,1.9475218658892128,0.2099125364431487,0.7750620608773636,0.8984007266445965,0.9425870454793811,0.904229061754572,0.877307504774626,0.7750620608773636,91.21598733590335
Netherlands,877,452,198,227,1839,1074,765,1554,172,0.5153933865450399,0.22576966932725198,0.2588369441277081,0.8722919042189282,2.096921322690992,1.2246294184720639,1.7719498289623716,0.1961231470923603,1.0,0.7758228900619418,0.876434247087819,0.7981013880905038,0.8159016010403863,1.0,85.4439270314233
Argentina,1064,588,257,219,2016,1073,943,2021,183,0.5526315789473685,0.24154135338345864,0.20582706766917294,0.8862781954887218,1.894736842105263,1.0084586466165413,1.8994360902255638,0.17199248120300753,0.7025855259633779,0.8462839662089043,0.8807734156227038,0.8751627503029267,0.7084446782608448,0.7025855259633779,84.90940164083109
Iran,610,347,144,119,1150,482,668,1185,115,0.5688524590163935,0.2360655737704918,0.19508196721311474,1.0950819672131147,1.8852459016393444,0.7901639344262295,1.9426229508196722,0.1885245901639344,0.11039849769947602,0.8769766661489488,0.9455536163746036,0.9012678244817776,0.7820642610830962,0.11039849769947602,83.21415460586968
South Korea,1005,536,252,217,1786,914,872,1860,168,0.5333333333333333,0.2507462686567164,0.21592039800995025,0.8676616915422886,1.7771144278606965,0.909452736318408,1.8507462686567164,0.16716417910447762,0.2864395999064469,0.8097683604291703,0.8749977495368427,0.8457313124460343,0.6869436352255196,0.2864395999064469,78.82683079473509
Croatia,394,208,104,82,686,397,289,728,61,0.5279187817258884,0.2639593908629442,0.20812182741116753,0.733502538071066,1.7411167512690355,1.0076142131979695,1.8477157360406091,0.1548223350253807,0.4093445036977304,0.7995230958633752,0.83337562354363,0.8438994525317782,0.6319838346031161,0.4093445036977304,77.82885016036441
Portugal,693,347,159,187,1223,776,447,1200,119,0.5007215007215007,0.22943722943722944,0.2698412698412698,0.645021645021645,1.7647907647907648,1.1197691197691197,1.7316017316017316,0.1717171717171717,0.6178733822044886,0.7480611541252833,0.8059249220207934,0.7737122553754785,0.7072186901221176,0.6178733822044886,76.81596587461452
Russia,746,383,197,166,1295,734,561,1346,121,0.5134048257372654,0.2640750670241287,0.2225201072386059,0.7520107238605898,1.7359249329758712,0.9839142091152815,1.804289544235925,0.16219839142091153,0.3528351083707675,0.772060190385609,0.8391176845279563,0.8176497103006669,0.6648303514023821,0.3528351083707675,76.57869729728642
Italy,891,475,243,173,1563,876,687,1668,115,0.5331088664421998,0.2727272727272727,0.1941638608305275,0.7710437710437711,1.754208754208754,0.9831649831649831,1.872053872053872,0.12906846240179573,0.30005935907774467,0.8093436303956136,0.8450225808201282,0.8586110763280184,0.5172985658883478,0.30005935907774467,76.57028455362652
Australia,579,296,122,161,1166,617,549,1010,110,0.5112262521588946,0.21070811744386875,0.27806563039723664,0.9481865284974094,2.0138169257340244,1.0656303972366148,1.7443868739205526,0.18998272884283246,0.10007672519213531,0.7679379538082035,0.8999801292150797,0.7814404644656645,0.7885575379838944,0.10007672519213531,76.26670141424859
Mexico,1000,511,231,258,1759,1053,706,1764,154,0.511,0.231,0.258,0.706,1.759,1.053,1.764,0.154,0.41513064177052195,0.7675098457404421,0.8248431151376897,0.7932959710743801,0.6283218721970047,0.41513064177052195,75.52540170452403
Ivory Coast,635,324,162,149,1040,633,407,1134,94,0.510236220472441,0.2551181102362205,0.2346456692913386,0.6409448818897637,1.6377952755905512,0.9968503937007874,1.7858267716535432,0.14803149606299212,0.42997317999239765,0.7660646432754733,0.8046601290914308,0.8064895555410945,0.60174336542851,0.42997317999239765,75.0702842880948
Sweden,1099,541,232,326,2168,1416,752,1855,187,0.49226569608735216,0.2111010009099181,0.2966333030027298,0.6842584167424932,1.97270245677889,1.2884440400363968,1.6878980891719746,0.17015468607825296,0.4995186220137899,0.7320613148266034,0.818097910697875,0.7472948031268095,0.7002607429433985,0.4995186220137899,74.93369689717613
Japan,789,389,165,235,1442,910,532,1332,151,0.49302915082382764,0.20912547528517111,0.29784537389100124,0.6742712294043093,1.8276299112801013,1.1533586818757922,1.688212927756654,0.19138149556400508,0.38132758078338985,0.7335059027308808,0.8149994417604061,0.7474851129686075,0.794786424009371,0.38132758078338985,74.61210078695066
France,933,476,195,262,1711,1206,505,1623,140,0.5101822079314041,0.2090032154340836,0.2808145766345123,0.5412647374062165,1.8338692390139335,1.292604501607717,1.7395498392282958,0.15005359056806003,0.5124354480976364,0.765962442241498,0.7737349225336405,0.7785166318992319,0.6107480093152704,0.5124354480976364,74.04955390123207
Czech Republic,358,189,72,97,636,366,270,639,62,0.5279329608938548,0.2011173184357542,0.2709497206703911,0.7541899441340782,1.776536312849162,1.0223463687150838,1.7849162011173185,0.17318435754189945,0.0,0.7995499252922312,0.8397937754128735,0.80593914481278,0.7137522551133999,0.0,73.58823190031083
Morocco,614,304,171,139,906,493,413,1083,87,0.495114006514658,0.2785016286644951,0.2263843648208469,0.6726384364820847,1.47557003257329,0.8029315960912052,1.763843648208469,0.14169381107491857,0.20046023719924946,0.7374508089175151,0.8144928769008997,0.7932014614235334,0.5735208485080396,0.20046023719924946,71.97189985415822
China PR,700,338,153,209,1283,767,516,1167,134,0.4828571428571429,0.21857142857142858,0.2985714285714286,0.7371428571428571,1.832857142857143,1.0957142857142856,1.667142857142857,0.19142857142857142,0.0,0.7142587110260744,0.8345050121476963,0.7347489300472254,0.7949960588187328,0.0,70.76649562471137
Uzbekistan,352,169,73,110,612,390,222,580,68,0.48011363636363635,0.20738636363636365,0.3125,0.6306818181818182,1.7386363636363635,1.1079545454545454,1.6477272727272727,0.19318181818181818,0.0,0.7090675240355759,0.8014760710553155,0.7230128310480841,0.8028034894897714,0.0,69.24021944809049
Egypt,754,378,185,191,1223,764,459,1319,103,0.5013262599469496,0.2453580901856764,0.253315649867374,0.6087533156498673,1.6220159151193634,1.013262599469496,1.7493368700265253,0.13660477453580902,0.0,0.7492054627795419,0.7946728759574638,0.7844325785891225,0.5508587218633435,0.0,68.92350606249575
Senegal,636,298,168,170,880,596,284,1062,62,0.46855345911949686,0.2641509433962264,0.2672955974842767,0.44654088050314467,1.3836477987421383,0.9371069182389937,1.669811320754717,0.09748427672955975,0.559169085047441,0.6871936768769593,0.7443473764395278,0.7363619308435989,0.37665017199824474,0.559169085047441,68.63595867949563
Ghana,669,311,174,184,1051,697,354,1107,87,0.4648729446935725,0.2600896860986547,0.2750373692077728,0.5291479820627802,1.5710014947683109,1.0418535127055306,1.654708520179372,0.13004484304932734,0.2998616950317369,0.6802295094323323,0.7699757670493923,0.7272327715598709,0.521646513032713,0.2998616950317369,68.00389015682651
Denmark,872,401,184,287,1585,1172,413,1387,137,0.4598623853211009,0.21100917431192662,0.3291284403669725,0.4736238532110092,1.8176605504587156,1.3440366972477065,1.5905963302752293,0.15711009174311927,0.3002169084386037,0.6707486677827651,0.7527497170413509,0.6884790059424519,0.6421715060948043,0.3002169084386037,67.29643226195364
Belgium,851,380,181,290,1543,1290,253,1321,125,0.44653349001175086,0.21269095182138661,0.3407755581668625,0.2972972972972973,1.8131609870740306,1.5158636897767332,1.5522914218566393,0.14688601645123384,0.6127093742606357,0.6455281012955401,0.6980453906029462,0.6653249155101921,0.5966423990999944,0.6127093742606357,66.97460623525592
Nigeria,657,309,191,157,1000,658,342,1118,84,0.4703196347031963,0.2907153729071537,0.2389649923896499,0.5205479452054794,1.5220700152207,1.0015220700152208,1.7016742770167428,0.1278538812785388,0.11311521363801086,0.6905355853924803,0.7673076537797477,0.7556220674994024,0.511889881744704,0.11311521363801086,66.93891552836966
Iraq,652,303,187,162,1003,606,397,1096,88,0.4647239263803681,0.28680981595092025,0.24846625766871167,0.6088957055214724,1.5383435582822085,0.9294478527607362,1.6809815950920246,0.13496932515337423,0.0,0.6799475411079695,0.7947170516176612,0.7431140039547736,0.5435758578593424,0.0,66.54514583530128
Algeria,615,286,162,167,948,613,335,1020,82,0.46504065040650405,0.2634146341463415,0.27154471544715447,0.5447154471544715,1.5414634146341464,0.9967479674796748,1.6585365853658536,0.13333333333333333,0.07862640874931552,0.6805468375368084,0.7748054859070049,0.7295467143721023,0.5362905783117248,0.07862640874931552,66.15897090759346
Hungary,1004,470,222,312,2006,1481,525,1632,168,0.4681274900398406,0.22111553784860558,0.3107569721115538,0.5229083665338645,1.99800796812749,1.4750996015936255,1.6254980079681276,0.16733067729083664,0.0,0.6863876699839921,0.7680399612771127,0.709575952388792,0.6876850728152054,0.0,66.13809656085569
Saudi Arabia,738,350,169,219,1134,775,359,1219,108,0.4742547425474255,0.22899728997289973,0.2967479674796748,0.48644986449864497,1.5365853658536586,1.0501355013550135,1.651761517615176,0.14634146341463414,0.058238810688433236,0.6979814874508575,0.7567289152100308,0.7254514028869626,0.5942174352025382,0.058238810688433236,66.03889742231416
Costa Rica,722,316,178,228,1237,852,385,1126,109,0.4376731301939058,0.24653739612188366,0.3157894736842105,0.5332409972299169,1.7132963988919667,1.18005540166205,1.559556786703601,0.15096952908587258,0.17518026266951894,0.6287627738846524,0.7712456020816717,0.6697165958883725,0.6148267999723828,0.17518026266951894,65.20208377575648
Uruguay,968,427,239,302,1530,1176,354,1520,112,0.44111570247933884,0.246900826446281,0.3119834710743802,0.365702479338843,1.5805785123966942,1.2148760330578512,1.5702479338842976,0.11570247933884298,0.46886856503855817,0.6352767138021591,0.7192677152215388,0.676179051977324,0.4577781441787214,0.46886856503855817,65.03887078576348
Czechoslovakia,520,236,119,165,984,721,263,827,83,0.45384615384615384,0.22884615384615384,0.3173076923076923,0.5057692307692307,1.8923076923076922,1.3865384615384615,1.5903846153846153,0.1596153846153846,0.0,0.6593649212385184,0.7627226403955123,0.6883510310712014,0.6533278937365534,0.0,64.54716399452224
Scotland,849,400,182,267,1446,1049,397,1382,121,0.4711425206124853,0.2143698468786808,0.31448763250883394,0.46760895170789163,1.7031802120141342,1.2355712603062425,1.6277974087161367,0.1425206124852768,0.0,0.692092627315682,0.7508836275370427,0.7109658665031295,0.5772027002942385,0.0,64.54083097139531
South Africa,477,213,144,120,648,454,194,783,48,0.44654088050314467,0.3018867924528302,0.25157232704402516,0.40670859538784065,1.3584905660377358,0.9517819706498952,1.6415094339622642,0.10062893081761007,0.296345316194745,0.6455420853786351,0.731989633067046,0.7192543466396383,0.3906537164117079,0.296345316194745,64.52774309586158
Zambia,793,358,203,232,1234,851,383,1277,101,0.4514501891551072,0.25598991172761665,0.29255989911727615,0.48297604035308955,1.5561160151324085,1.073139974779319,1.610340479192938,0.1273644388398487,0.0,0.6548313432195512,0.7556511807243583,0.7004137116609173,0.5097103323455903,0.0,63.14041721811058
Suriname,399,173,93,133,750,565,185,612,69,0.43358395989974935,0.23308270676691728,0.3333333333333333,0.46365914786967416,1.8796992481203008,1.4160401002506267,1.5338345864661653,0.17293233082706766,0.0,0.6210253591261305,0.7496582230174916,0.6541683495929906,0.7126299481137406,0.0,63.06449460678421
Yugoslavia,483,223,98,162,942,756,186,767,73,0.4616977225672878,0.2028985507246377,0.33540372670807456,0.38509316770186336,1.950310559006211,1.565217391304348,1.587991718426501,0.15113871635610765,0.0,0.6742214420802319,0.725283567686752,0.6869046014920521,0.6155802123944143,0.0,63.020381694098226
Poland,890,384,224,282,1497,1197,300,1376,114,0.4314606741573034,0.251685393258427,0.31685393258426964,0.33707865168539325,1.6820224719101124,1.344943820224719,1.5460674157303371,0.12808988764044943,0.3137318785317594,0.6170077366603611,0.7103873330025541,0.6615627031293527,0.5129408480762423,0.3137318785317594,62.99112362347646
Serbia,346,155,89,102,530,374,156,554,43,0.4479768786127168,0.25722543352601157,0.2947976878612717,0.4508670520231214,1.5317919075144508,1.0809248554913296,1.6011560693641618,0.12427745664739884,0.05823881068843328,0.648259241223695,0.7456895469244611,0.6948620300482491,0.49596360821468805,0.05823881068843328,62.96948979088231
Tunisia,676,296,189,191,974,684,290,1077,84,0.4378698224852071,0.27958579881656803,0.28254437869822485,0.4289940828402367,1.4408284023668638,1.0118343195266273,1.5931952662721893,0.1242603550295858,0.11039849769947603,0.6291349495897771,0.7389035807371374,0.6900499795222259,0.49588745253654937,0.11039849769947603,62.81978695464646
Martinique,331,145,85,101,586,431,155,520,49,0.4380664652567976,0.256797583081571,0.30513595166163143,0.46827794561933533,1.770392749244713,1.3021148036253776,1.5709969788519638,0.14803625377643503,0.0,0.6295070315950766,0.7510911791513033,0.6766318256722679,0.6017645521312884,0.0,62.80398517148065
North Korea,390,162,106,122,628,435,193,592,55,0.4153846153846154,0.2717948717948718,0.3128205128205128,0.4948717948717949,1.6102564102564103,1.1153846153846154,1.5179487179487179,0.14102564102564102,0.0,0.5865890635656225,0.75934177194047,0.6445658508158507,0.5705454023385039,0.0,61.15495002994948
United States,788,350,161,277,1196,1044,152,1211,101,0.44416243654822335,0.20431472081218274,0.35152284263959394,0.19289340101522842,1.517766497461929,1.3248730964467006,1.5368020304568528,0.1281725888324873,0.2222974657996979,0.6410416596112309,0.6656546665054905,0.6559620744535806,0.5133091269976504,0.2222974657996979,60.67946076178262
Cameroon,616,271,192,153,866,640,226,1005,59,0.43993506493506496,0.3116883116883117,0.2483766233766234,0.36688311688311687,1.405844155844156,1.0389610389610389,1.6314935064935066,0.09577922077922078,0.0168179227663479,0.63304274414514,0.7196340014073758,0.713200039242782,0.3690573410987371,0.0168179227663479,60.66844672158048
Ukraine,336,151,94,91,472,356,116,547,31,0.4494047619047619,0.27976190476190477,0.2708333333333333,0.34523809523809523,1.4047619047619047,1.0595238095238095,1.6279761904761905,0.09226190476190477,0.0,0.650961042435815,0.712918754667032,0.7110739343516331,0.35339428574017195,0.0,60.30926766759963
Romania,764,334,194,236,1236,975,261,1196,96,0.43717277486910994,0.25392670157068065,0.3089005235602094,0.3416230366492147,1.617801047120419,1.2761780104712042,1.5654450261780104,0.1256544502617801,0.0,0.6278160153991688,0.7117972029863148,0.6732758480810003,0.5020955358277498,0.0,60.27550108614361
Colombia,636,256,176,204,818,735,83,944,55,0.4025157232704403,0.27672955974842767,0.32075471698113206,0.13050314465408805,1.2861635220125787,1.1556603773584906,1.4842767295597483,0.08647798742138364,0.6336586169084718,0.5622389023819868,0.6462984388920743,0.6242122121731898,0.3276377665511236,0.6336586169084718,60.11758465629071
Trinidad and Tobago,751,321,164,266,1268,999,269,1127,108,0.4274300932090546,0.21837549933422104,0.35419440745672437,0.3581890812250333,1.688415446071904,1.3302263648468708,1.5006657789613849,0.14380825565912117,0.0,0.6093811830392112,0.7169367255362377,0.6341188676805581,0.5829367390370502,0.0,59.806919594445375
Kuwait,683,285,178,220,1065,768,297,1033,80,0.4172767203513909,0.26061493411420206,0.32210834553440704,0.43484626647144947,1.5592972181551976,1.1244509516837482,1.5124450951683748,0.1171303074670571,0.0,0.5901692521714925,0.7407191879330043,0.6412390870975158,0.46413644434414125,0.0,59.371484848055346
Haiti,508,215,110,183,833,684,149,755,75,0.42322834645669294,0.21653543307086615,0.36023622047244097,0.2933070866141732,1.639763779527559,1.3464566929133859,1.486220472440945,0.14763779527559054,0.0,0.6014307542248982,0.6968074500860654,0.625387142496909,0.5999901657735962,0.0,58.880561364975456
New Zealand,414,172,73,169,729,619,110,589,69,0.41545893719806765,0.17632850241545894,0.4082125603864734,0.26570048309178745,1.7608695652173914,1.4951690821256038,1.422705314009662,0.16666666666666666,0.0,0.586729693242285,0.6882426559566817,0.5869942632850241,0.6847281490944342,0.0,58.045815076521436
Austria,859,366,184,309,1540,1315,225,1282,111,0.42607683352735737,0.21420256111757857,0.359720605355064,0.2619324796274738,1.7927823050058207,1.530849825378347,1.4924330616996508,0.12922002328288706,0.0,0.6068205825554799,0.6870736539849441,0.6291424537469092,0.5179734857587943,0.0,57.901422962287356
Uganda,685,285,182,218,1030,809,221,1037,72,0.41605839416058393,0.2656934306569343,0.3182481751824818,0.32262773722627736,1.5036496350364963,1.181021897810219,1.513868613138686,0.10510948905109489,0.0,0.587863969101498,0.7059040177253488,0.6420995581227,0.41060621180957657,0.0,57.587393831605596
Qatar,633,260,154,219,895,766,129,934,72,0.4107424960505529,0.24328593996840442,0.3459715639810427,0.2037914691943128,1.4139020537124802,1.2101105845181674,1.4755134281200633,0.11374407582938388,0.0,0.5778053739507579,0.6690357311223732,0.6189150770958182,0.44905712439202816,0.0,55.81373259537351
DR Congo,522,206,143,173,778,625,153,761,57,0.3946360153256705,0.2739463601532567,0.3314176245210728,0.29310344827586204,1.4904214559386972,1.1973180076628354,1.4578544061302683,0.10919540229885058,0.0,0.5473291372807805,0.6967442724321005,0.6082407638295177,0.4288013029173489,0.0,55.80347682908564
Malaysia,835,327,192,316,1363,1211,152,1173,127,0.3916167664670659,0.22994011976047904,0.3784431137724551,0.18203592814371258,1.6323353293413174,1.4502994011976047,1.4047904191616767,0.15209580838323353,0.0,0.541616198225246,0.6622861963554232,0.5761652830702232,0.6198422648600762,0.0,55.455705742470776
Mali,568,232,151,185,746,624,122,847,50,0.4084507042253521,0.2658450704225352,0.3257042253521127,0.2147887323943662,1.3133802816901408,1.0985915492957747,1.4911971830985915,0.0880281690140845,0.0,0.5734689089429033,0.6724475704389601,0.6283954047113257,0.3345409222479012,0.0,54.9975149788477
Honduras,619,247,161,211,909,796,113,902,65,0.3990306946688207,0.26009693053311794,0.3408723747980614,0.1825525040387722,1.4684975767366721,1.2859450726978998,1.45718901453958,0.1050080775444265,0.013620239101887761,0.5556446277990534,0.6624464611337325,0.6078385559219749,0.41015461347859844,0.013620239101887761,54.65157834016483
United Arab Emirates,612,246,152,214,867,760,107,890,66,0.4019607843137255,0.24836601307189543,0.34967320261437906,0.17483660130718953,1.4166666666666667,1.2418300653594772,1.4542483660130718,0.10784313725490197,0.0,0.5611888622601804,0.6600526455249137,0.6060610280613622,0.42277949477200577,0.0,54.58689972541404
Chile,833,315,179,339,1174,1184,-10,1124,85,0.37815126050420167,0.2148859543817527,0.4069627851140456,-0.012004801920768308,1.4093637454981993,1.4213685474189677,1.3493397358943577,0.10204081632653061,0.45733020331574287,0.5161371408436256,0.6020861465966774,0.5426471208318038,0.39694102206673215,0.45733020331574287,54.29123470845073
Thailand,863,339,204,320,1388,1279,109,1221,115,0.3928157589803013,0.23638470451911936,0.3707995365005794,0.12630359212050984,1.608342989571263,1.482039397450753,1.4148319814600232,0.1332560834298957,0.0,0.5438848986460924,0.6449955512385294,0.5822350859006158,0.5359465746714404,0.0,54.212726913847455
Slovakia,365,148,85,132,514,455,59,529,35,0.4054794520547945,0.2328767123287671,0.36164383561643837,0.16164383561643836,1.4082191780821918,1.2465753424657535,1.4493150684931506,0.0958904109589041,0.0,0.5678467878909589,0.6559596638567106,0.6030790076984036,0.36955248510374966,0.0,53.913673308260755
Jordan,479,178,134,167,613,533,80,668,59,0.37160751565762007,0.2797494780793319,0.348643006263048,0.16701461377870563,1.279749478079332,1.1127348643006263,1.394572025052192,0.12317327766179541,0.0,0.5037552481099588,0.6576259177019946,0.5699885910729998,0.49104655882471937,0.0,53.22454553822862
Republic of Ireland,630,241,178,211,851,768,83,901,67,0.3825396825396825,0.28253968253968254,0.3349206349206349,0.13174603174603175,1.3507936507936509,1.2190476190476192,1.4301587301587302,0.10634920634920635,0.0,0.5244407914576572,0.6466840376514412,0.5914996146530237,0.41612683053524563,0.0,53.04584352062144
Myanmar,510,209,90,211,814,840,-26,717,72,0.40980392156862744,0.17647058823529413,0.4137254901960784,-0.050980392156862744,1.5960784313725491,1.6470588235294117,1.4058823529411764,0.1411764705882353,0.0,0.5760294293150454,0.5899941880124685,0.576825322070977,0.5712170655547153,0.0,52.94498692284344
Indonesia,723,279,142,302,1205,1173,32,979,110,0.38589211618257263,0.19640387275242047,0.41770401106500693,0.04426002766251729,1.6666666666666667,1.6224066390041494,1.3540802213001384,0.15214384508990317,0.0,0.53078417353263,0.6195419948583056,0.5455125924465325,0.6200561784214695,0.0,52.84832611049824
Zimbabwe,494,189,139,166,659,589,70,706,44,0.3825910931174089,0.2813765182186235,0.3360323886639676,0.1417004048582996,1.334008097165992,1.1923076923076923,1.4291497975708503,0.08906882591093117,0.0,0.5245380691287321,0.6497723261590989,0.5908897472145079,0.33917509970148696,0.0,52.35930889474677
Guinea,538,200,153,185,730,659,71,753,51,0.37174721189591076,0.2843866171003718,0.34386617100371747,0.13197026022304834,1.3568773234200744,1.224907063197026,1.399628252788104,0.09479553903345725,0.0,0.5040195774623961,0.6467536032806225,0.5730449188147101,0.3646768812358041,0.0,51.657089675710125
Turkey,640,257,152,231,893,903,-10,923,58,0.4015625,0.2375,0.3609375,-0.015625,1.3953125,1.4109375,1.4421875,0.090625,0.0,0.5604352397144253,0.6009630004178631,0.5987706208032024,0.34610494074637815,0.0,51.48462754426385
Curaçao,383,142,100,141,630,604,26,526,45,0.370757180156658,0.26109660574412535,0.3681462140992167,0.06788511749347259,1.6449086161879896,1.577023498694517,1.3733681462140992,0.1174934725848564,0.0,0.5021462668297608,0.6268715466637732,0.5571715253652115,0.46575366478051555,0.0,51.46537450900394
Jamaica,660,257,154,249,880,870,10,925,66,0.3893939393939394,0.23333333333333334,0.37727272727272726,0.015151515151515152,1.3333333333333333,1.3181818181818181,1.4015151515151516,0.1,0.0,0.5374102264109079,0.6105112418767894,0.5741854886676684,0.38785300752901525,0.0,51.14932820970587
Switzerland,882,315,203,364,1315,1443,-128,1148,77,0.35714285714285715,0.23015873015873015,0.4126984126984127,-0.14512471655328799,1.4909297052154196,1.6360544217687074,1.3015873015873016,0.0873015873015873,0.4803746624370394,0.4763856219466655,0.5607864386328152,0.5137823035550309,0.33130536151655443,0.4803746624370394,50.916966420039564
Oman,542,206,137,199,701,680,21,755,46,0.3800738007380074,0.25276752767527677,0.3671586715867159,0.03874538745387454,1.2933579335793357,1.2546125461254614,1.3929889298892988,0.08487084870848709,0.0,0.5197749182186979,0.6178311086188468,0.5690316607453264,0.32048097355752714,0.0,50.302456638302814
Syria,483,173,120,190,691,634,57,639,51,0.3581780538302277,0.2484472049689441,0.39337474120082816,0.11801242236024845,1.4306418219461698,1.3126293995859213,1.3229813664596273,0.10559006211180125,0.0,0.4783443924430375,0.6424232622559013,0.5267143306298444,0.41274626474102244,0.0,50.19354509992945
Canada,467,178,107,182,605,611,-6,641,47,0.3811563169164882,0.2291220556745182,0.3897216274089936,-0.01284796573875803,1.2955032119914347,1.3083511777301928,1.3725910064239828,0.1006423982869379,0.0,0.521823225345375,0.6018245597443661,0.5567017692498274,0.3907136887646563,0.0,50.1029793756617
Paraguay,782,274,208,300,999,1113,-114,1030,55,0.35038363171355497,0.2659846547314578,0.3836317135549872,-0.14578005115089515,1.2774936061381075,1.4232736572890026,1.3171355498721227,0.07033248081841433,0.4353233882971188,0.46359600282329577,0.560583124744172,0.5231807217137663,0.2557397731750948,0.4353233882971188,49.7800943772288
Kenya,705,268,175,262,977,957,20,979,54,0.3801418439716312,0.24822695035460993,0.37163120567375885,0.028368794326241134,1.3858156028368793,1.3574468085106384,1.3886524822695034,0.07659574468085106,0.0,0.5199036677405291,0.6146118287161058,0.5664104170329991,0.2836308833624319,0.0,49.73777222120227
Libya,384,143,92,149,500,466,34,521,30,0.3723958333333333,0.23958333333333334,0.3880208333333333,0.08854166666666667,1.3020833333333333,1.2135416666666667,1.3567708333333333,0.078125,0.0,0.5052468809791458,0.6332801253557675,0.5471389812543043,0.2904408517028621,0.0,49.66033453454903
Greece,631,240,154,237,792,875,-83,874,40,0.3803486529318542,0.24405705229793978,0.375594294770206,-0.13153724247226625,1.255150554675119,1.386687797147385,1.3851030110935023,0.06339144215530904,0.22339400707121612,0.5202949859263504,0.5650018763684976,0.5642648753781875,0.2248304456392883,0.22339400707121612,49.587047350680244
Norway,870,327,195,348,1347,1414,-67,1176,100,0.3758620689655172,0.22413793103448276,0.4,-0.07701149425287357,1.5482758620689656,1.625287356321839,1.3517241379310345,0.11494252873563218,0.0,0.5118055960258878,0.5819181843768705,0.5440884155029923,0.45439398753505744,0.0,49.50721713442489
Slovenia,315,114,85,116,390,369,21,427,26,0.3619047619047619,0.2698412698412698,0.3682539682539683,0.06666666666666667,1.2380952380952381,1.1714285714285715,1.3555555555555556,0.08253968253968254,0.0,0.4853959662299764,0.6264935291188076,0.5464043847566575,0.3100999942618817,0.0,49.295194702832944
Guatemala,552,199,140,213,773,755,18,737,55,0.3605072463768116,0.2536231884057971,0.3858695652173913,0.03260869565217391,1.4003623188405796,1.3677536231884058,1.335144927536232,0.09963768115942029,0.0,0.48275162605987426,0.6159272343565014,0.5340668137651216,0.3862395556726814,0.0,49.27675563589179
Israel,497,180,116,201,749,737,12,656,53,0.36217303822937624,0.23340040241448692,0.4044265593561368,0.02414486921529175,1.5070422535211268,1.482897384305835,1.3199195171026157,0.10663983903420524,0.0,0.4859035912600221,0.6133013796069322,0.524863540748624,0.41742105482778435,0.0,49.267738369352536
Angola,413,140,147,126,466,427,39,567,20,0.3389830508474576,0.3559322033898305,0.3050847457627119,0.09443099273607748,1.1283292978208233,1.0338983050847457,1.3728813559322033,0.048426150121065374,0.0,0.4420241395103102,0.6351072557850654,0.5568772762291636,0.15818809777077944,0.0,47.72221612910901
Madagascar,319,118,73,128,434,480,-46,427,30,0.36990595611285265,0.22884012539184953,0.4012539184952978,-0.14420062695924765,1.3605015673981191,1.5047021943573669,1.3385579937304075,0.09404388714733543,0.0,0.5005356042734079,0.5610731322539136,0.536129902976761,0.36132967983429914,0.0,47.413975076378215
Bahrain,583,207,154,222,725,754,-29,775,48,0.35506003430531735,0.2641509433962264,0.38078902229845624,-0.04974271012006861,1.2435677530017153,1.2933104631217838,1.3293310463121784,0.0823327615780446,0.0,0.47244456226871656,0.5903781719326266,0.5305525087535261,0.3091785489151949,0.0,47.3284220575869
Bulgaria,734,262,187,285,1014,1102,-88,973,73,0.3569482288828338,0.2547683923705722,0.388283378746594,-0.11989100817438691,1.3814713896457766,1.5013623978201636,1.3256130790190737,0.0994550408719346,0.0,0.47601735174435034,0.5686150553335602,0.5283051165919788,0.3854262352546385,0.0,47.315200641315684
Gabon,405,141,114,150,477,484,-7,537,32,0.34814814814814815,0.2814814814814815,0.37037037037037035,-0.01728395061728395,1.1777777777777778,1.1950617283950618,1.325925925925926,0.07901234567901234,0.0,0.45936608274485596,0.6004483202799631,0.5284942225283135,0.2943923148139759,0.0,47.274438802707806
Cuba,397,139,90,168,532,605,-73,507,51,0.3501259445843829,0.22670025188916876,0.42317380352644834,-0.18387909319899245,1.3400503778337531,1.5239294710327456,1.2770780856423174,0.12846347607052896,0.0,0.4631084143755399,0.5487631103260968,0.4989672674188646,0.5146044848472483,0.0,46.832581501648505
Burkina Faso,462,164,122,176,578,612,-34,614,30,0.354978354978355,0.26406926406926406,0.38095238095238093,-0.0735930735930736,1.251082251082251,1.3246753246753247,1.329004329004329,0.06493506493506493,0.0,0.47229001090879696,0.5829787302413799,0.5303550186039855,0.23170439410824287,0.0,46.27375165376028
Ethiopia,407,143,92,172,547,594,-47,521,37,0.35135135135135137,0.22604422604422605,0.4226044226044226,-0.11547911547911548,1.343980343980344,1.4594594594594594,1.28009828009828,0.09090909090909091,0.0,0.46542709511561176,0.569983820333039,0.5007928782463906,0.3473700336791854,0.0,45.98226679015125
India,530,190,119,221,728,855,-127,689,54,0.3584905660377358,0.22452830188679246,0.4169811320754717,-0.23962264150943396,1.3735849056603773,1.6132075471698113,1.3,0.1018867924528302,0.0,0.47893571938533835,0.5314689866598826,0.5128228305785124,0.3962551341770932,0.0,45.68302159842341
Ecuador,589,181,157,251,712,902,-190,700,41,0.3073005093378608,0.266553480475382,0.42614601018675724,-0.3225806451612903,1.2088285229202038,1.531409168081494,1.1884550084889642,0.06960950764006792,0.5469677942039559,0.3820753120882412,0.5057317306411674,0.4453974554153979,0.2525202817050509,0.5469677942039559,45.33468332317317
Malawi,642,219,181,242,752,830,-78,838,42,0.3411214953271028,0.2819314641744548,0.37694704049844235,-0.12149532710280374,1.1713395638629283,1.2928348909657321,1.3052959501557633,0.06542056074766354,0.0,0.44607044491870346,0.5681173243711612,0.5160240628459617,0.23386636867966235,0.0,44.93588297182704
North Macedonia,304,95,79,130,365,408,-43,364,28,0.3125,0.2598684210526316,0.4276315789473684,-0.14144736842105263,1.200657894736842,1.3421052631578947,1.1973684210526316,0.09210526315789473,0.0,0.3919136442906255,0.5619273152954996,0.4507853278599391,0.35269674076468926,0.0,43.116099719642186
Georgia,305,99,64,142,380,430,-50,361,29,0.32459016393442625,0.2098360655737705,0.46557377049180326,-0.16393442622950818,1.2459016393442623,1.4098360655737705,1.1836065573770491,0.09508196721311475,0.0,0.4147903175837039,0.5549508315513549,0.4424667219888903,0.3659523823315663,0.0,43.097851292057285
Panama,535,181,132,222,670,813,-143,675,42,0.3383177570093458,0.2467289719626168,0.41495327102803736,-0.2672897196261682,1.2523364485981308,1.519626168224299,1.2616822429906542,0.07850467289719626,0.0,0.4407652889388101,0.5228854306262961,0.4896609735846142,0.29213158337941747,0.0,43.042135186613464
Congo,406,134,99,173,523,598,-75,501,28,0.33004926108374383,0.2438423645320197,0.42610837438423643,-0.18472906403940886,1.2881773399014778,1.4729064039408868,1.2339901477832513,0.06896551724137931,0.0,0.42511986998989637,0.548499411633201,0.4729219888653666,0.24965251059338914,0.0,42.77374977819956
Peru,712,230,176,306,856,994,-138,866,55,0.32303370786516855,0.24719101123595505,0.4297752808988764,-0.19382022471910113,1.202247191011236,1.396067415730337,1.2162921348314606,0.07724719101123595,0.0,0.4118452345240731,0.5456789299482457,0.4622241068112173,0.28653185668576125,0.0,42.52072220964494
Hong Kong,444,141,96,207,640,730,-90,519,44,0.31756756756756754,0.21621621621621623,0.46621621621621623,-0.20270270270270271,1.4414414414414414,1.6441441441441442,1.1689189189189189,0.0990990990990991,0.0,0.40150235526779754,0.542923190901005,0.43358851490953754,0.38384118129164474,0.0,42.381476171573865
El Salvador,612,200,137,275,766,932,-166,737,55,0.32679738562091504,0.2238562091503268,0.4493464052287582,-0.27124183006535946,1.2516339869281046,1.522875816993464,1.2042483660130718,0.08986928104575163,0.0,0.41896676131772326,0.5216593104967114,0.4549440342597093,0.34273962817348586,0.0,42.12577612575761
Sudan,469,151,118,200,508,634,-126,571,34,0.32196162046908317,0.2515991471215352,0.42643923240938164,-0.26865671641791045,1.0831556503198294,1.35181236673774,1.2174840085287846,0.07249466950959488,0.0,0.40981666045056236,0.5224613275276551,0.46294455629174075,0.26536827428187537,0.0,41.47505825152605
Wales,724,234,164,326,908,1157,-249,866,58,0.32320441988950277,0.2265193370165746,0.45027624309392267,-0.34392265193370164,1.2541436464088398,1.5980662983425415,1.1961325966850829,0.08011049723756906,0.0,0.4121682510877091,0.499110492567987,0.45003831160677593,0.2992825233050781,0.0,40.634886643303616
Guyana,313,103,61,149,428,550,-122,370,29,0.329073482428115,0.19488817891373802,0.476038338658147,-0.38977635782747605,1.3674121405750799,1.7571884984025559,1.182108626198083,0.0926517571884984,0.0,0.42327352864727674,0.4848846371225307,0.4415612705621419,0.35513034815519107,0.0,40.60739671715
Mozambique,374,118,95,161,387,484,-97,449,21,0.3155080213903743,0.2540106951871658,0.4304812834224599,-0.25935828877005346,1.03475935828877,1.2941176470588236,1.2005347593582887,0.05614973262032086,0.0,0.3976053390417811,0.5253461126286648,0.45269927796437875,0.1925821924886594,0.0,40.34401122426888
Togo,445,140,113,192,486,618,-132,533,27,0.3146067415730337,0.2539325842696629,0.4314606741573034,-0.2966292134831461,1.0921348314606742,1.3887640449438203,1.1977528089887641,0.060674157303370786,0.0,0.395899962337315,0.5137830169758241,0.45101767805738696,0.21273003076289726,0.0,40.06134741207914
Barbados,302,94,67,141,393,527,-134,349,32,0.31125827814569534,0.22185430463576158,0.46688741721854304,-0.44370860927152317,1.3013245033112584,1.7450331125827814,1.1556291390728477,0.10596026490066225,0.0,0.38956409259423225,0.46815245816477313,0.4255552685950413,0.4143948248212878,0.0,39.61665837669002
Lebanon,333,93,92,148,385,469,-84,371,28,0.27927927927927926,0.27627627627627627,0.4444444444444444,-0.25225225225225223,1.1561561561561562,1.4084084084084083,1.1141141141141142,0.08408408408408409,0.0,0.32905431677360825,0.5275507206602721,0.4004607655175837,0.3169774106688026,0.0,39.05416544326673
Belarus,313,93,79,141,357,461,-104,358,19,0.2971246006389776,0.2523961661341853,0.4504792332268371,-0.33226837060702874,1.1405750798722045,1.4728434504792332,1.1437699680511182,0.06070287539936102,0.0,0.36282073952602123,0.5027261680786645,0.41838677949990755,0.2128579160950861,0.0,38.177830875487665
Singapore,694,218,141,335,933,1267,-334,795,59,0.31412103746397696,0.20317002881844382,0.4827089337175792,-0.4812680115273775,1.3443804034582132,1.8256484149855907,1.1455331412103746,0.08501440922190202,0.0,0.39498092647640676,0.4564998639699368,0.4194525612094219,0.3211202667736761,0.0,38.15665489079027
Iceland,520,159,102,259,632,872,-240,579,46,0.3057692307692308,0.19615384615384615,0.4980769230769231,-0.46153846153846156,1.2153846153846153,1.676923076923077,1.1134615384615385,0.08846153846153847,0.0,0.3791778691978687,0.4626208463567569,0.40006630443420216,0.3364707714888466,0.0,37.70026268552694
Mauritius,325,91,72,162,412,523,-111,345,29,0.28,0.22153846153846155,0.49846153846153846,-0.3415384615384615,1.2676923076923077,1.6092307692307692,1.0615384615384615,0.08923076923076922,0.0,0.33041804455702833,0.49985017428522277,0.3686804672600127,0.33989625389152445,0.0,37.360478180352715
Tanzania,599,163,171,265,660,892,-232,660,33,0.27212020033388984,0.2854757929883139,0.44240400667779634,-0.38731218697829717,1.1018363939899833,1.4891485809682805,1.1018363939899833,0.05509181969949917,0.0,0.31550810590324235,0.48564913232766277,0.39303927689399687,0.18787117176666704,0.0,35.83189149526262
Latvia,459,128,110,221,540,762,-222,494,30,0.2788671023965142,0.23965141612200436,0.48148148148148145,-0.48366013071895425,1.1764705882352942,1.6601307189542485,1.0762527233115469,0.06535947712418301,0.0,0.3282744070935478,0.4557577223880436,0.3775747672806496,0.23359435553914065,0.0,34.9599794494272
Albania,396,110,84,202,377,587,-210,414,24,0.2777777777777778,0.21212121212121213,0.51010101010101,-0.5303030303030303,0.952020202020202,1.4823232323232323,1.0454545454545454,0.06060606060606061,0.0,0.32621321722481655,0.4412870240201263,0.35895825507137485,0.21242678751308583,0.0,33.6364720602529
Botswana,332,90,92,150,268,426,-158,362,10,0.2710843373493976,0.27710843373493976,0.45180722891566266,-0.4759036144578313,0.8072289156626506,1.283132530120482,1.0903614457831325,0.030120481927710843,0.0,0.31354807465791357,0.4581641381169421,0.38610303818580105,0.07667063022550369,0.0,33.49223827766593
Benin,323,84,78,161,350,555,-205,330,15,0.26006191950464397,0.24148606811145512,0.4984520123839009,-0.6346749226006192,1.08359133126935,1.7182662538699691,1.021671826625387,0.04643962848297214,0.0,0.29269176093860816,0.40890622897961415,0.3445823631758053,0.14934186438280397,0.0,30.90529440309161
Liberia,300,78,70,152,267,443,-176,304,7,0.26,0.23333333333333334,0.5066666666666667,-0.5866666666666667,0.89,1.4766666666666666,1.0133333333333334,0.023333333333333334,0.0,0.29257459856712237,0.42380052150827113,0.3395420110192838,0.04644659472878331,0.0,30.236618528687092
Northern Ireland,705,184,160,361,739,1293,-554,712,47,0.26099290780141843,0.22695035460992907,0.5120567375886524,-0.7858156028368795,1.04822695035461,1.8340425531914895,1.0099290780141843,0.06666666666666667,0.0,0.29445335120491906,0.36201567941422136,0.33748424769943136,0.23941543674630572,0.0,29.96703828155402
Finland,816,216,166,434,959,1669,-710,814,47,0.2647058823529412,0.2034313725490196,0.5318627450980392,-0.8700980392156863,1.1752450980392157,2.045343137254902,0.9975490196078431,0.05759803921568627,0.0,0.3014789388000414,0.3358675255595825,0.3300008988616107,0.19903168587159797,0.0,28.511362476195263
Venezuela,458,116,101,241,480,854,-374,449,26,0.25327510917030566,0.2205240174672489,0.5262008733624454,-0.8165938864628821,1.0480349344978166,1.8646288209606987,0.980349344978166,0.056768558951965066,0.0,0.27984994642204475,0.3524668892959898,0.3196042463639972,0.19533790481082866,0.0,28.41794252264989
Estonia,548,134,122,292,542,974,-432,524,27,0.24452554744525548,0.22262773722627738,0.5328467153284672,-0.7883211678832117,0.9890510948905109,1.7773722627737227,0.9562043795620438,0.04927007299270073,0.0,0.2632942680931805,0.36123834189125464,0.30500938800748023,0.16194619360058507,0.0,27.696150023377896
Bangladesh,304,79,66,159,274,555,-281,303,17,0.2598684210526316,0.21710526315789475,0.5230263157894737,-0.9243421052631579,0.9013157894736842,1.825657894736842,0.9967105263157895,0.05592105263157895,0.0,0.2923256285277151,0.31903860786746013,0.3294940565191388,0.1915638514281954,0.0,27.685214636075923
Lithuania,431,111,83,237,430,784,-354,416,16,0.25754060324825984,0.1925754060324826,0.5498839907192575,-0.8213457076566125,0.9976798143851509,1.8190255220417633,0.9651972157772621,0.037122969837587005,0.0,0.2879209961600109,0.3509926633836663,0.31044526950585793,0.10785359906882301,0.0,27.32462702657912
Philippines,338,91,52,195,402,776,-374,325,31,0.2692307692307692,0.15384615384615385,0.5769230769230769,-1.106508875739645,1.1893491124260356,2.2958579881656807,0.9615384615384616,0.09171597633136094,0.0,0.31004080440861737,0.26252238756963747,0.3082336697393516,0.3509631970386377,0.0,26.91983604046117
Bolivia,532,119,119,294,545,1043,-498,476,25,0.2236842105263158,0.2236842105263158,0.5526315789473685,-0.9360902255639098,1.0244360902255638,1.9605263157894737,0.8947368421052632,0.046992481203007516,0.0,0.22385886769071417,0.31539381934062877,0.2678542301000435,0.1518037878256839,0.0,24.242374935580116
Azerbaijan,308,60,79,169,236,517,-281,259,12,0.19480519480519481,0.2564935064935065,0.5487012987012987,-0.9123376623376623,0.7662337662337663,1.6785714285714286,0.8409090909090909,0.03896103896103896,0.0,0.16921479410651985,0.32276291905305865,0.23531707832456802,0.11603875453730039,0.0,22.323754161651095
Cyprus,424,81,71,272,372,926,-554,314,12,0.19103773584905662,0.16745283018867924,0.6415094339622641,-1.3066037735849056,0.8773584905660378,2.1839622641509435,0.7405660377358491,0.02830188679245283,0.0,0.16208611263022968,0.2004440661638534,0.17466291614688914,0.06857219490205511,0.0,15.55989059803275
Malta,456,64,78,314,295,1025,-730,270,9,0.14035087719298245,0.17105263157894737,0.6885964912280702,-1.6008771929824561,0.6469298245614035,2.2478070175438596,0.5921052631578947,0.019736842105263157,0.0,0.0661778427327727,0.1091473859023336,0.08492313234014787,0.030430962091701486,0.0,7.758292470736766
Luxembourg,465,49,63,353,295,1203,-908,210,6,0.1053763440860215,0.13548387096774195,0.7591397849462366,-1.9526881720430107,0.6344086021505376,2.587096774193548,0.45161290322580644,0.012903225806451613,0.0,0.0,0.0,0.0,0.0,0.0,0.0
